Customer ID,Churn (Predicted),Churn Probability
0,False,0.01
1,False,0.13
2,False,0.01
3,False,0.12
4,False,0.13
5,False,0.06
6,False,0.07
7,False,0.09
8,False,0.09
9,False,0.07
10,True,0.95
11,False,0.02
12,False,0.14
13,False,0.02
14,False,0.21
15,True,1.0
16,False,0.06
17,False,0.01
18,False,0.0
19,False,0.04
20,False,0.01
21,True,1.0
22,False,0.02
23,False,0.02
24,False,0.07
25,False,0.08
26,False,0.03
27,False,0.0
28,False,0.01
29,False,0.04
30,False,0.07
31,False,0.05
32,False,0.0
33,True,0.96
34,False,0.03
35,False,0.01
36,False,0.07
37,False,0.01
38,False,0.27
39,False,0.03
40,False,0.11
41,True,0.97
42,False,0.04
43,False,0.09
44,False,0.0
45,False,0.03
46,False,0.0
47,False,0.01
48,True,0.94
49,False,0.03
50,False,0.01
51,False,0.05
52,False,0.04
53,False,0.02
54,True,0.94
55,False,0.02
56,False,0.02
57,False,0.05
58,False,0.08
59,False,0.04
60,False,0.01
61,False,0.0
62,False,0.02
63,False,0.0
64,False,0.01
65,False,0.04
66,False,0.12
67,False,0.06
68,False,0.02
69,True,1.0
70,False,0.04
71,False,0.06
72,False,0.03
73,False,0.12
74,False,0.02
75,False,0.02
76,True,1.0
77,True,1.0
78,False,0.0
79,False,0.02
80,False,0.08
81,False,0.1
82,False,0.02
83,False,0.05
84,False,0.04
85,False,0.03
86,True,1.0
87,False,0.05
88,False,0.03
89,True,1.0
90,False,0.0
91,True,1.0
92,False,0.0
93,False,0.06
94,False,0.01
95,False,0.04
96,False,0.05
97,False,0.06
98,False,0.13
99,True,0.96
100,False,0.1
101,False,0.03
102,False,0.01
103,False,0.0
104,False,0.0
105,False,0.03
106,False,0.03
107,False,0.03
108,False,0.01
109,False,0.01
110,False,0.01
111,False,0.01
112,True,0.86
113,False,0.06
114,False,0.03
115,True,1.0
116,False,0.08
117,True,1.0
118,False,0.03
119,False,0.07
120,False,0.01
121,False,0.01
122,False,0.02
123,False,0.03
124,False,0.03
125,False,0.02
126,True,1.0
127,False,0.27
128,False,0.05
129,False,0.08
130,False,0.05
131,False,0.01
132,False,0.18
133,False,0.08
134,False,0.02
135,False,0.27
136,False,0.15
137,False,0.08
138,False,0.01
139,False,0.01
140,False,0.07
141,False,0.0
142,False,0.02
143,False,0.33
144,True,1.0
145,False,0.03
146,False,0.03
147,False,0.26
148,False,0.01
149,False,0.06
150,False,0.02
151,False,0.04
152,False,0.01
153,False,0.05
154,False,0.09
155,False,0.05
156,True,1.0
157,False,0.04
158,False,0.04
159,False,0.01
160,False,0.02
161,False,0.01
162,False,0.02
163,False,0.02
164,False,0.0
165,False,0.03
166,False,0.09
167,False,0.03
168,False,0.03
169,False,0.16
170,False,0.06
171,False,0.0
172,False,0.0
173,False,0.04
174,False,0.01
175,False,0.02
176,False,0.02
177,False,0.07
178,False,0.01
179,False,0.33
180,False,0.05
181,True,0.99
182,False,0.0
183,False,0.01
184,False,0.33
185,False,0.44
186,False,0.0
187,False,0.12
188,False,0.06
189,False,0.02
190,False,0.01
191,False,0.01
192,False,0.05
193,False,0.04
194,False,0.03
195,False,0.0
196,False,0.02
197,True,0.79
198,False,0.43
199,False,0.01
200,False,0.03
201,False,0.12
202,False,0.02
203,False,0.02
204,False,0.03
205,False,0.07
206,False,0.1
207,False,0.0
208,False,0.02
209,False,0.04
210,False,0.02
211,False,0.03
212,False,0.07
213,False,0.04
214,True,0.98
215,False,0.02
216,False,0.1
217,False,0.0
218,True,1.0
219,False,0.02
220,False,0.0
221,False,0.01
222,False,0.01
223,False,0.0
224,False,0.06
225,False,0.07
226,False,0.05
227,False,0.0
228,False,0.18
229,False,0.04
230,True,1.0
231,False,0.14
232,False,0.05
233,False,0.01
234,False,0.02
235,True,1.0
236,False,0.08
237,False,0.0
238,False,0.03
239,False,0.01
240,False,0.0
241,True,1.0
242,False,0.13
243,False,0.07
244,False,0.14
245,False,0.02
246,False,0.0
247,False,0.0
248,False,0.31
249,False,0.02
250,True,1.0
251,False,0.05
252,False,0.0
253,False,0.03
254,False,0.1
255,False,0.11
256,False,0.01
257,False,0.01
258,True,1.0
259,False,0.03
260,False,0.02
261,False,0.06
262,False,0.01
263,False,0.04
264,False,0.14
265,False,0.0
266,False,0.03
267,False,0.05
268,False,0.1
269,False,0.04
270,False,0.02
271,False,0.0
272,False,0.0
273,False,0.01
274,False,0.02
275,False,0.03
276,False,0.04
277,True,0.7
278,False,0.01
279,False,0.05
280,False,0.06
281,False,0.01
282,False,0.0
283,False,0.07
284,False,0.03
285,False,0.1
286,False,0.04
287,False,0.04
288,False,0.08
289,True,1.0
290,False,0.02
291,False,0.01
292,False,0.0
293,True,1.0
294,False,0.0
295,False,0.12
296,False,0.01
297,False,0.04
298,False,0.01
299,False,0.01
300,False,0.01
301,True,0.97
302,True,0.86
303,False,0.18
304,False,0.02
305,False,0.2
306,True,0.95
307,True,1.0
308,False,0.03
309,False,0.45
310,True,0.61
311,False,0.03
312,False,0.03
313,False,0.01
314,False,0.03
315,False,0.02
316,False,0.02
317,False,0.02
318,False,0.03
319,True,1.0
320,False,0.02
321,False,0.0
322,False,0.01
323,False,0.0
324,False,0.04
325,False,0.01
326,False,0.0
327,False,0.08
328,False,0.02
329,False,0.05
330,False,0.05
331,True,0.95
332,True,1.0
333,False,0.0
334,False,0.0
335,False,0.02
336,False,0.01
337,False,0.03
338,False,0.47
339,False,0.06
340,True,1.0
341,False,0.03
342,False,0.03
343,False,0.01
344,False,0.03
345,False,0.08
346,False,0.0
347,False,0.06
348,False,0.01
349,True,0.8
350,False,0.1
351,False,0.05
352,False,0.0
353,False,0.0
354,True,0.99
355,False,0.02
356,False,0.14
357,False,0.03
358,False,0.05
359,False,0.01
360,True,1.0
361,False,0.02
362,False,0.03
363,False,0.05
364,False,0.0
365,True,1.0
366,False,0.1
367,False,0.14
368,False,0.1
369,False,0.02
370,False,0.01
371,False,0.0
372,True,1.0
373,False,0.02
374,False,0.01
375,False,0.01
376,False,0.01
377,False,0.0
378,True,1.0
379,False,0.0
380,False,0.18
381,False,0.0
382,False,0.1
383,False,0.07
384,False,0.0
385,False,0.07
386,False,0.04
387,False,0.06
388,False,0.0
389,False,0.03
390,False,0.01
391,False,0.03
392,False,0.02
393,False,0.01
394,True,0.94
395,False,0.0
396,False,0.02
397,True,1.0
398,False,0.0
399,False,0.02
400,False,0.0
401,False,0.01
402,False,0.0
403,False,0.02
404,False,0.09
405,False,0.08
406,False,0.0
407,True,1.0
408,False,0.09
409,False,0.02
410,False,0.01
411,False,0.0
412,True,0.59
413,False,0.12
414,False,0.02
415,True,0.95
416,True,0.99
417,False,0.1
418,False,0.04
419,False,0.03
420,False,0.07
421,False,0.05
422,False,0.08
423,False,0.04
424,False,0.01
425,False,0.08
426,False,0.04
427,False,0.13
428,False,0.02
429,False,0.03
430,True,0.9
431,False,0.03
432,False,0.14
433,False,0.0
434,False,0.02
435,False,0.04
436,False,0.06
437,True,1.0
438,False,0.25
439,False,0.02
440,False,0.05
441,False,0.0
442,False,0.01
443,False,0.06
444,False,0.02
445,False,0.0
446,False,0.0
447,False,0.18
448,False,0.01
449,False,0.04
450,False,0.02
451,False,0.09
452,False,0.07
453,False,0.01
454,True,0.99
455,True,0.99
456,False,0.02
457,False,0.02
458,False,0.03
459,False,0.02
460,False,0.15
461,False,0.0
462,False,0.14
463,False,0.01
464,False,0.0
465,True,0.78
466,True,1.0
467,False,0.03
468,False,0.06
469,False,0.11
470,False,0.03
471,False,0.0
472,False,0.02
473,True,0.96
474,False,0.05
475,False,0.0
476,False,0.02
477,False,0.03
478,False,0.02
479,False,0.0
480,False,0.03
481,False,0.0
482,False,0.01
483,False,0.07
484,False,0.05
485,False,0.01
486,False,0.08
487,False,0.03
488,False,0.15
489,False,0.01
490,False,0.08
491,True,0.68
492,True,1.0
493,False,0.08
494,False,0.05
495,False,0.07
496,False,0.07
497,False,0.05
498,True,0.97
499,False,0.01
500,False,0.01
501,False,0.02
502,True,1.0
503,False,0.07
504,False,0.0
505,False,0.03
506,False,0.01
507,True,0.99
508,False,0.02
509,True,1.0
510,False,0.03
511,False,0.03
512,False,0.02
513,False,0.02
514,False,0.38
515,False,0.0
516,False,0.07
517,False,0.03
518,False,0.0
519,False,0.0
520,False,0.02
521,True,1.0
522,False,0.03
523,False,0.03
524,False,0.04
525,False,0.13
526,False,0.1
527,False,0.01
528,False,0.0
529,False,0.16
530,False,0.01
531,False,0.02
532,False,0.11
533,False,0.04
534,False,0.16
535,False,0.08
536,False,0.08
537,False,0.02
538,False,0.03
539,False,0.05
540,False,0.0
541,False,0.04
542,False,0.49
543,False,0.13
544,False,0.03
545,False,0.01
546,True,1.0
547,True,0.98
548,False,0.03
549,False,0.2
550,True,1.0
551,False,0.13
552,True,0.99
553,False,0.06
554,False,0.02
555,False,0.03
556,False,0.01
557,False,0.0
558,True,0.98
559,False,0.03
560,False,0.0
561,False,0.01
562,False,0.0
563,False,0.01
564,False,0.03
565,False,0.01
566,False,0.04
567,False,0.05
568,False,0.35
569,True,1.0
570,False,0.01
571,False,0.06
572,False,0.23
573,False,0.03
574,True,1.0
575,False,0.04
576,False,0.04
577,False,0.06
578,False,0.0
579,False,0.07
580,True,1.0
581,False,0.06
582,False,0.0
583,False,0.0
584,True,0.72
585,False,0.04
586,False,0.03
587,False,0.04
588,True,1.0
589,False,0.01
590,False,0.11
591,False,0.03
592,False,0.02
593,False,0.01
594,False,0.01
595,False,0.0
596,False,0.04
597,False,0.01
598,False,0.05
599,False,0.13
600,False,0.04
601,True,0.73
602,False,0.03
603,False,0.06
604,False,0.08
605,True,1.0
606,False,0.03
607,False,0.02
608,False,0.0
609,False,0.04
610,False,0.03
611,False,0.01
612,False,0.25
613,True,1.0
614,False,0.04
615,False,0.01
616,False,0.08
617,False,0.03
618,False,0.0
619,True,1.0
620,False,0.0
621,False,0.03
622,False,0.03
623,False,0.03
624,False,0.01
625,False,0.1
626,True,0.66
627,False,0.09
628,False,0.05
629,True,1.0
630,False,0.06
631,False,0.04
632,False,0.07
633,False,0.04
634,False,0.03
635,False,0.32
636,False,0.06
637,False,0.01
638,False,0.01
639,False,0.03
640,False,0.04
641,False,0.0
642,False,0.01
643,False,0.07
644,False,0.03
645,False,0.03
646,False,0.04
647,False,0.01
648,False,0.03
649,True,1.0
650,False,0.23
651,False,0.0
652,False,0.03
653,False,0.05
654,False,0.05
655,True,1.0
656,False,0.02
657,False,0.03
658,False,0.0
659,False,0.02
660,True,1.0
661,False,0.01
662,False,0.01
663,False,0.05
664,False,0.07
665,False,0.02
666,False,0.01
667,False,0.0
668,False,0.04
669,False,0.03
670,False,0.07
671,False,0.03
672,False,0.0
673,False,0.08
674,False,0.0
675,False,0.01
676,False,0.01
677,False,0.01
678,False,0.01
679,True,1.0
680,False,0.01
681,False,0.0
682,False,0.05
683,False,0.0
684,False,0.02
685,False,0.01
686,False,0.06
687,False,0.0
688,False,0.05
689,False,0.24
690,False,0.01
691,False,0.02
692,False,0.05
693,False,0.01
694,False,0.39
695,False,0.03
696,False,0.01
697,False,0.03
698,False,0.02
699,False,0.01
700,False,0.05
701,False,0.01
702,False,0.08
703,False,0.0
704,False,0.07
705,False,0.01
706,False,0.04
707,False,0.03
708,False,0.05
709,False,0.03
710,False,0.06
711,False,0.14
712,False,0.04
713,False,0.09
714,False,0.0
715,True,0.99
716,False,0.04
717,False,0.0
718,False,0.07
719,False,0.01
720,False,0.0
721,True,1.0
722,False,0.0
723,False,0.08
724,False,0.02
725,False,0.0
726,False,0.0
727,False,0.04
728,False,0.01
729,False,0.08
730,True,0.77
731,False,0.13
732,False,0.32
733,False,0.03
734,False,0.05
735,False,0.03
736,True,1.0
737,True,1.0
738,False,0.03
739,False,0.03
740,False,0.11
741,False,0.0
742,False,0.03
743,False,0.01
744,False,0.0
745,False,0.0
746,False,0.02
747,False,0.09
748,False,0.03
749,False,0.06
750,False,0.01
751,False,0.02
752,False,0.03
753,False,0.02
754,False,0.01
755,False,0.0
756,False,0.0
757,False,0.09
758,False,0.05
759,False,0.01
760,False,0.01
761,False,0.04
762,False,0.14
763,False,0.05
764,False,0.0
765,False,0.0
766,True,0.99
767,False,0.06
768,False,0.08
769,False,0.0
770,False,0.05
771,True,0.78
772,False,0.0
773,True,0.69
774,False,0.0
775,False,0.01
776,False,0.01
777,False,0.09
778,False,0.17
779,False,0.08
780,False,0.23
781,False,0.06
782,False,0.01
783,False,0.17
784,False,0.02
785,False,0.23
786,False,0.01
787,True,0.98
788,False,0.02
789,False,0.0
790,False,0.04
791,False,0.03
792,False,0.25
793,False,0.02
794,False,0.02
795,False,0.0
796,False,0.02
797,True,0.99
798,False,0.02
799,False,0.04
800,False,0.01
801,False,0.1
802,False,0.0
803,False,0.07
804,True,0.51
805,False,0.01
806,False,0.05
807,False,0.06
808,False,0.14
809,False,0.01
810,False,0.01
811,False,0.02
812,False,0.03
813,False,0.07
814,False,0.08
815,True,1.0
816,False,0.05
817,False,0.09
818,False,0.01
819,False,0.06
820,False,0.0
821,False,0.02
822,False,0.01
823,False,0.06
824,False,0.0
825,False,0.01
826,False,0.06
827,False,0.01
828,False,0.06
829,False,0.05
830,True,0.6
831,False,0.0
832,True,1.0
833,False,0.03
834,False,0.02
835,False,0.08
836,False,0.09
837,False,0.07
838,False,0.05
839,False,0.02
840,False,0.05
841,False,0.08
842,False,0.09
843,False,0.03
844,False,0.06
845,False,0.01
846,False,0.04
847,False,0.0
848,False,0.06
849,False,0.03
850,False,0.07
851,True,1.0
852,False,0.14
853,False,0.03
854,False,0.01
855,False,0.04
856,False,0.02
857,False,0.06
858,False,0.02
859,True,1.0
860,False,0.0
861,False,0.07
862,False,0.04
863,False,0.0
864,False,0.07
865,False,0.05
866,False,0.08
867,False,0.01
868,False,0.01
869,False,0.01
870,False,0.08
871,True,1.0
872,False,0.08
873,False,0.02
874,False,0.27
875,False,0.17
876,False,0.06
877,False,0.08
878,False,0.24
879,False,0.06
880,False,0.01
881,False,0.09
882,False,0.01
883,False,0.0
884,False,0.07
885,False,0.27
886,False,0.02
887,False,0.05
888,False,0.0
889,False,0.01
890,False,0.02
891,False,0.06
892,True,0.97
893,False,0.07
894,True,0.94
895,False,0.02
896,False,0.0
897,False,0.02
898,False,0.07
899,False,0.02
900,False,0.06
901,True,0.99
902,False,0.24
903,False,0.0
904,True,1.0
905,True,1.0
906,False,0.06
907,False,0.04
908,False,0.39
909,False,0.01
910,False,0.01
911,True,1.0
912,False,0.01
913,False,0.11
914,True,1.0
915,False,0.04
916,False,0.13
917,False,0.0
918,False,0.05
919,False,0.04
920,False,0.04
921,False,0.0
922,False,0.05
923,False,0.07
924,False,0.03
925,False,0.02
926,False,0.04
927,False,0.01
928,False,0.03
929,False,0.01
930,False,0.01
931,False,0.01
932,False,0.04
933,True,1.0
934,False,0.03
935,False,0.2
936,False,0.02
937,False,0.02
938,False,0.05
939,False,0.0
940,False,0.02
941,False,0.0
942,False,0.09
943,False,0.04
944,True,1.0
945,False,0.01
946,True,1.0
947,False,0.08
948,False,0.01
949,False,0.11
950,False,0.07
951,False,0.23
952,False,0.02
953,False,0.01
954,False,0.01
955,False,0.06
956,False,0.0
957,False,0.18
958,False,0.01
959,False,0.02
960,False,0.03
961,False,0.06
962,False,0.01
963,False,0.0
964,False,0.02
965,False,0.02
966,True,0.85
967,False,0.05
968,True,0.95
969,False,0.01
970,False,0.02
971,False,0.03
972,False,0.01
973,False,0.02
974,True,0.67
975,True,1.0
976,False,0.03
977,True,1.0
978,True,1.0
979,False,0.02
980,False,0.0
981,False,0.02
982,False,0.01
983,False,0.03
984,False,0.03
985,True,0.98
986,False,0.02
987,False,0.23
988,False,0.02
989,True,0.72
990,False,0.0
991,False,0.03
992,False,0.05
993,False,0.0
994,False,0.1
995,False,0.01
996,False,0.04
997,False,0.01
998,False,0.02
999,False,0.04
1000,True,1.0
1001,False,0.03
1002,False,0.06
1003,False,0.01
1004,False,0.03
1005,False,0.05
1006,False,0.03
1007,False,0.03
1008,False,0.22
1009,False,0.05
1010,False,0.46
1011,False,0.0
1012,False,0.04
1013,False,0.0
1014,False,0.07
1015,False,0.04
1016,False,0.0
1017,False,0.01
1018,True,0.51
1019,False,0.0
1020,False,0.03
1021,False,0.02
1022,False,0.01
1023,False,0.01
1024,False,0.12
1025,False,0.22
1026,False,0.13
1027,True,1.0
1028,False,0.1
1029,False,0.01
1030,True,1.0
1031,False,0.02
1032,False,0.03
1033,False,0.02
1034,False,0.04
1035,False,0.0
1036,False,0.03
1037,False,0.06
1038,True,1.0
1039,False,0.02
1040,False,0.04
1041,False,0.06
1042,False,0.03
1043,False,0.01
1044,False,0.06
1045,False,0.15
1046,False,0.08
1047,False,0.01
1048,False,0.0
1049,False,0.0
1050,False,0.01
1051,False,0.15
1052,False,0.04
1053,False,0.02
1054,False,0.01
1055,False,0.02
1056,False,0.0
1057,False,0.01
1058,False,0.05
1059,False,0.05
1060,False,0.06
1061,False,0.03
1062,False,0.09
1063,False,0.01
1064,False,0.09
1065,False,0.04
1066,False,0.03
1067,False,0.02
1068,False,0.01
1069,False,0.02
1070,False,0.02
1071,False,0.03
1072,False,0.03
1073,False,0.01
1074,False,0.03
1075,False,0.0
1076,False,0.03
1077,True,0.99
1078,True,1.0
1079,False,0.02
1080,False,0.02
1081,False,0.03
1082,False,0.03
1083,False,0.06
1084,False,0.13
1085,False,0.06
1086,False,0.03
1087,False,0.05
1088,False,0.03
1089,False,0.12
1090,False,0.01
1091,False,0.03
1092,False,0.02
1093,False,0.06
1094,False,0.05
1095,True,0.85
1096,False,0.14
1097,False,0.03
1098,False,0.01
1099,False,0.18
1100,False,0.05
1101,False,0.0
1102,True,0.63
1103,False,0.01
1104,False,0.03
1105,True,0.94
1106,False,0.0
1107,False,0.02
1108,False,0.03
1109,False,0.13
1110,False,0.03
1111,False,0.02
1112,False,0.03
1113,False,0.09
1114,False,0.01
1115,True,0.84
1116,False,0.03
1117,False,0.06
1118,False,0.02
1119,False,0.08
1120,False,0.01
1121,True,1.0
1122,True,0.97
1123,False,0.01
1124,False,0.02
1125,False,0.01
1126,False,0.04
1127,False,0.02
1128,False,0.07
1129,False,0.01
1130,False,0.02
1131,False,0.0
1132,False,0.05
1133,True,0.98
1134,False,0.03
1135,False,0.06
1136,True,1.0
1137,False,0.02
1138,False,0.04
1139,False,0.06
1140,False,0.03
1141,False,0.02
1142,True,1.0
1143,False,0.0
1144,False,0.07
1145,False,0.01
1146,False,0.0
1147,False,0.0
1148,False,0.02
1149,False,0.05
1150,True,1.0
1151,False,0.01
1152,False,0.0
1153,False,0.1
1154,False,0.0
1155,True,1.0
1156,False,0.01
1157,False,0.0
1158,False,0.06
1159,False,0.06
1160,False,0.05
1161,False,0.08
1162,False,0.05
1163,False,0.03
1164,False,0.01
1165,False,0.07
1166,False,0.09
1167,False,0.08
1168,False,0.01
1169,False,0.02
1170,False,0.02
1171,False,0.0
1172,False,0.06
1173,False,0.01
1174,False,0.09
1175,False,0.02
1176,False,0.12
1177,False,0.05
1178,False,0.01
1179,False,0.02
1180,False,0.02
1181,False,0.01
1182,True,1.0
1183,False,0.04
1184,False,0.02
1185,False,0.0
1186,False,0.0
1187,False,0.02
1188,False,0.03
1189,False,0.02
1190,False,0.04
1191,False,0.06
1192,True,1.0
1193,True,1.0
1194,False,0.02
1195,False,0.0
1196,False,0.03
1197,False,0.1
1198,False,0.07
1199,False,0.02
1200,False,0.07
1201,False,0.05
1202,False,0.01
1203,False,0.0
1204,True,1.0
1205,False,0.04
1206,False,0.03
1207,False,0.0
1208,False,0.05
1209,False,0.09
1210,True,0.69
1211,False,0.01
1212,False,0.08
1213,False,0.01
1214,False,0.03
1215,False,0.03
1216,False,0.03
1217,False,0.17
1218,False,0.05
1219,False,0.02
1220,False,0.04
1221,False,0.04
1222,False,0.02
1223,False,0.01
1224,False,0.01
1225,False,0.0
1226,False,0.05
1227,False,0.06
1228,False,0.01
1229,False,0.0
1230,False,0.03
1231,True,1.0
1232,True,1.0
1233,False,0.03
1234,False,0.09
1235,False,0.15
1236,False,0.0
1237,False,0.01
1238,False,0.01
1239,False,0.0
1240,True,1.0
1241,False,0.06
1242,False,0.11
1243,False,0.04
1244,False,0.01
1245,False,0.03
1246,False,0.14
1247,False,0.02
1248,False,0.11
1249,False,0.21
1250,False,0.03
1251,False,0.01
1252,False,0.02
1253,False,0.12
1254,False,0.03
1255,False,0.02
1256,False,0.01
1257,False,0.06
1258,False,0.04
1259,False,0.01
1260,False,0.0
1261,False,0.0
1262,False,0.12
1263,True,0.97
1264,False,0.0
1265,False,0.07
1266,False,0.01
1267,False,0.0
1268,False,0.03
1269,True,1.0
1270,False,0.01
1271,False,0.14
1272,False,0.13
1273,True,1.0
1274,False,0.04
1275,False,0.03
1276,True,0.8
1277,False,0.09
1278,True,0.95
1279,False,0.03
1280,True,0.99
1281,False,0.04
1282,False,0.26
1283,False,0.0
1284,True,0.99
1285,False,0.09
1286,False,0.02
1287,False,0.03
1288,False,0.03
1289,False,0.02
1290,False,0.4
1291,False,0.08
1292,False,0.02
1293,False,0.02
1294,False,0.06
1295,False,0.07
1296,False,0.05
1297,False,0.08
1298,False,0.01
1299,True,0.84
1300,False,0.01
1301,False,0.1
1302,True,1.0
1303,False,0.0
1304,False,0.13
1305,False,0.01
1306,False,0.0
1307,False,0.05
1308,False,0.02
1309,False,0.08
1310,True,0.95
1311,False,0.0
1312,False,0.08
1313,False,0.1
1314,False,0.02
1315,False,0.04
1316,False,0.01
1317,False,0.2
1318,False,0.01
1319,False,0.08
1320,False,0.09
1321,False,0.1
1322,True,1.0
1323,False,0.03
1324,False,0.01
1325,True,0.72
1326,False,0.01
1327,True,0.9
1328,False,0.09
1329,False,0.0
1330,False,0.17
1331,False,0.0
1332,False,0.01
1333,False,0.02
1334,True,1.0
1335,False,0.11
1336,False,0.46
1337,True,0.96
1338,False,0.03
1339,True,0.97
1340,False,0.01
1341,False,0.04
1342,False,0.01
1343,False,0.03
1344,True,0.99
1345,True,1.0
1346,True,1.0
1347,False,0.04
1348,False,0.02
1349,False,0.01
1350,True,1.0
1351,False,0.02
1352,False,0.05
1353,False,0.04
1354,False,0.01
1355,False,0.12
1356,False,0.02
1357,False,0.02
1358,False,0.2
1359,False,0.0
1360,False,0.0
1361,False,0.04
1362,False,0.01
1363,False,0.04
1364,True,1.0
1365,False,0.0
1366,False,0.06
1367,False,0.08
1368,False,0.16
1369,False,0.01
1370,False,0.01
1371,False,0.02
1372,False,0.01
1373,True,0.79
1374,False,0.04
1375,False,0.12
1376,True,1.0
1377,False,0.03
1378,False,0.08
1379,False,0.04
1380,False,0.01
1381,False,0.06
1382,False,0.05
1383,False,0.04
1384,False,0.09
1385,False,0.02
1386,False,0.01
1387,False,0.04
1388,False,0.28
1389,False,0.01
1390,False,0.0
1391,False,0.06
1392,True,1.0
1393,False,0.18
1394,False,0.45
1395,False,0.02
1396,False,0.2
1397,False,0.13
1398,False,0.03
1399,False,0.42
1400,False,0.02
1401,False,0.02
1402,False,0.01
1403,False,0.04
1404,False,0.03
1405,True,1.0
1406,False,0.01
1407,True,0.98
1408,False,0.08
1409,False,0.05
1410,False,0.04
1411,False,0.0
1412,False,0.05
1413,False,0.0
1414,False,0.03
1415,False,0.01
1416,False,0.01
1417,False,0.04
1418,False,0.04
1419,False,0.02
1420,True,1.0
1421,False,0.04
1422,False,0.03
1423,False,0.11
1424,False,0.0
1425,False,0.01
1426,False,0.08
1427,False,0.03
1428,False,0.09
1429,False,0.03
1430,False,0.01
1431,False,0.03
1432,False,0.0
1433,False,0.03
1434,False,0.05
1435,True,1.0
1436,False,0.06
1437,False,0.05
1438,False,0.02
1439,False,0.02
1440,False,0.03
1441,False,0.04
1442,True,1.0
1443,False,0.08
1444,False,0.01
1445,False,0.02
1446,False,0.04
1447,False,0.01
1448,False,0.08
1449,False,0.11
1450,False,0.01
1451,False,0.05
1452,False,0.0
1453,False,0.01
1454,True,0.99
1455,False,0.08
1456,False,0.02
1457,False,0.01
1458,False,0.05
1459,False,0.0
1460,False,0.03
1461,False,0.03
1462,False,0.01
1463,False,0.0
1464,False,0.0
1465,False,0.03
1466,False,0.03
1467,True,1.0
1468,False,0.04
1469,False,0.11
1470,False,0.03
1471,False,0.0
1472,True,1.0
1473,False,0.19
1474,False,0.03
1475,False,0.02
1476,False,0.01
1477,False,0.02
1478,False,0.2
1479,False,0.04
1480,False,0.01
1481,False,0.02
1482,False,0.12
1483,False,0.17
1484,True,0.99
1485,False,0.17
1486,False,0.06
1487,False,0.04
1488,False,0.03
1489,False,0.19
1490,False,0.08
1491,False,0.0
1492,False,0.14
1493,True,0.99
1494,False,0.01
1495,False,0.03
1496,False,0.01
1497,False,0.0
1498,False,0.03
1499,False,0.0
1500,False,0.05
1501,False,0.04
1502,False,0.16
1503,False,0.01
1504,False,0.07
1505,False,0.02
1506,False,0.06
1507,False,0.0
1508,False,0.06
1509,False,0.03
1510,False,0.3
1511,False,0.04
1512,False,0.01
1513,False,0.09
1514,False,0.04
1515,False,0.04
1516,True,1.0
1517,False,0.02
1518,False,0.03
1519,False,0.0
1520,False,0.08
1521,False,0.04
1522,False,0.0
1523,False,0.04
1524,False,0.06
1525,False,0.05
1526,False,0.05
1527,False,0.0
1528,True,0.97
1529,False,0.05
1530,True,0.97
1531,True,0.99
1532,True,0.86
1533,True,0.88
1534,False,0.19
1535,False,0.02
1536,False,0.05
1537,True,1.0
1538,True,1.0
1539,False,0.02
1540,False,0.04
1541,False,0.02
1542,False,0.13
1543,False,0.0
1544,False,0.03
1545,False,0.1
1546,False,0.0
1547,False,0.18
1548,False,0.16
1549,False,0.06
1550,False,0.03
1551,True,1.0
1552,False,0.01
1553,False,0.0
1554,False,0.12
1555,False,0.01
1556,False,0.03
1557,False,0.1
1558,False,0.03
1559,False,0.02
1560,False,0.0
1561,False,0.03
1562,False,0.01
1563,False,0.13
1564,False,0.03
1565,False,0.08
1566,False,0.01
1567,False,0.06
1568,False,0.01
1569,False,0.01
1570,False,0.04
1571,False,0.06
1572,False,0.0
1573,False,0.03
1574,False,0.03
1575,False,0.02
1576,False,0.01
1577,False,0.02
1578,False,0.02
1579,False,0.02
1580,False,0.06
1581,False,0.01
1582,False,0.02
1583,False,0.06
1584,False,0.01
1585,True,0.87
1586,False,0.01
1587,False,0.0
1588,False,0.08
1589,False,0.09
1590,False,0.01
1591,False,0.07
1592,False,0.0
1593,True,1.0
1594,False,0.03
1595,False,0.02
1596,False,0.03
1597,False,0.04
1598,False,0.0
1599,False,0.02
1600,False,0.01
1601,True,1.0
1602,False,0.04
1603,False,0.05
1604,False,0.06
1605,False,0.03
1606,False,0.02
1607,False,0.04
1608,False,0.07
1609,False,0.01
1610,False,0.09
1611,False,0.02
1612,False,0.02
1613,False,0.0
1614,True,0.96
1615,False,0.02
1616,False,0.01
1617,False,0.02
1618,False,0.01
1619,True,1.0
1620,False,0.11
1621,False,0.11
1622,False,0.0
1623,False,0.04
1624,False,0.04
1625,False,0.1
1626,False,0.03
1627,False,0.02
1628,False,0.01
1629,False,0.07
1630,False,0.03
1631,False,0.03
1632,False,0.01
1633,False,0.02
1634,False,0.0
1635,True,1.0
1636,False,0.01
1637,False,0.06
1638,True,0.95
1639,False,0.0
1640,False,0.02
1641,False,0.19
1642,False,0.02
1643,False,0.0
1644,False,0.01
1645,False,0.09
1646,True,1.0
1647,False,0.06
1648,False,0.06
1649,False,0.12
1650,False,0.04
1651,True,0.98
1652,False,0.07
1653,True,0.86
1654,False,0.03
1655,False,0.04
1656,False,0.09
1657,False,0.01
1658,False,0.01
1659,False,0.02
1660,False,0.08
1661,False,0.01
1662,True,1.0
1663,False,0.01
1664,False,0.0
1665,False,0.05
1666,False,0.01
1667,False,0.02
1668,False,0.02
1669,False,0.02
1670,False,0.01
1671,False,0.05
1672,False,0.02
1673,False,0.13
1674,True,1.0
1675,False,0.0
1676,False,0.01
1677,False,0.05
1678,False,0.0
1679,True,1.0
1680,False,0.0
1681,False,0.01
1682,False,0.0
1683,False,0.13
1684,False,0.07
1685,False,0.0
1686,False,0.02
1687,False,0.03
1688,False,0.06
1689,False,0.01
1690,False,0.05
1691,True,1.0
1692,True,1.0
1693,False,0.15
1694,True,0.92
1695,False,0.09
1696,False,0.04
1697,False,0.01
1698,False,0.05
1699,False,0.34
1700,False,0.12
1701,True,1.0
1702,True,1.0
1703,False,0.01
1704,True,0.99
1705,False,0.05
1706,False,0.06
1707,True,0.77
1708,False,0.15
1709,False,0.02
1710,False,0.0
1711,False,0.07
1712,False,0.47
1713,True,0.96
1714,False,0.03
1715,False,0.06
1716,False,0.04
1717,False,0.11
1718,True,1.0
1719,False,0.05
1720,False,0.0
1721,False,0.01
1722,False,0.1
1723,False,0.02
1724,False,0.0
1725,False,0.04
1726,False,0.03
1727,False,0.07
1728,False,0.31
1729,False,0.06
1730,False,0.05
1731,True,0.74
1732,False,0.03
1733,False,0.01
1734,False,0.04
1735,False,0.02
1736,True,1.0
1737,False,0.0
1738,False,0.03
1739,True,1.0
1740,False,0.16
1741,False,0.45
1742,False,0.05
1743,False,0.19
1744,False,0.09
1745,False,0.26
1746,True,1.0
1747,False,0.03
1748,False,0.37
1749,False,0.01
1750,False,0.15
1751,False,0.07
1752,True,1.0
1753,False,0.01
1754,True,1.0
1755,False,0.04
1756,False,0.12
1757,False,0.09
1758,False,0.01
1759,False,0.01
1760,False,0.02
1761,False,0.03
1762,False,0.02
1763,False,0.11
1764,True,1.0
1765,True,1.0
1766,False,0.0
1767,False,0.0
1768,True,1.0
1769,False,0.0
1770,False,0.01
1771,False,0.03
1772,False,0.08
1773,False,0.06
1774,False,0.1
1775,False,0.08
1776,False,0.01
1777,True,1.0
1778,False,0.0
1779,False,0.03
1780,False,0.01
1781,False,0.1
1782,False,0.06
1783,False,0.02
1784,True,1.0
1785,False,0.0
1786,False,0.04
1787,False,0.0
1788,False,0.03
1789,False,0.14
1790,False,0.06
1791,False,0.0
1792,False,0.02
1793,False,0.03
1794,True,1.0
1795,False,0.08
1796,False,0.01
1797,False,0.04
1798,False,0.0
1799,False,0.0
1800,False,0.18
1801,False,0.01
1802,False,0.09
1803,False,0.06
1804,True,0.99
1805,False,0.0
1806,False,0.05
1807,False,0.04
1808,False,0.02
1809,False,0.01
1810,False,0.01
1811,False,0.05
1812,False,0.11
1813,False,0.0
1814,False,0.04
1815,False,0.1
1816,False,0.06
1817,False,0.0
1818,False,0.03
1819,False,0.02
1820,False,0.03
1821,False,0.16
1822,False,0.03
1823,False,0.02
1824,False,0.03
1825,False,0.1
1826,False,0.0
1827,False,0.07
1828,False,0.02
1829,False,0.03
1830,False,0.19
1831,False,0.41
1832,False,0.03
1833,False,0.23
1834,False,0.03
1835,False,0.14
1836,False,0.0
1837,True,0.99
1838,False,0.01
1839,False,0.04
1840,False,0.04
1841,False,0.02
1842,True,0.96
1843,False,0.08
1844,True,1.0
1845,True,0.99
1846,False,0.04
1847,False,0.06
1848,False,0.03
1849,True,1.0
1850,True,0.98
1851,True,1.0
1852,False,0.03
1853,False,0.01
1854,False,0.02
1855,False,0.02
1856,False,0.0
1857,True,1.0
1858,False,0.16
1859,False,0.09
1860,False,0.1
1861,True,0.93
1862,True,0.56
1863,False,0.05
1864,False,0.02
1865,True,0.78
1866,False,0.11
1867,False,0.06
1868,False,0.1
1869,True,1.0
1870,False,0.05
1871,False,0.03
1872,False,0.09
1873,False,0.02
1874,False,0.01
1875,False,0.0
1876,False,0.04
1877,False,0.05
1878,True,1.0
1879,False,0.01
1880,True,1.0
1881,True,1.0
1882,False,0.24
1883,False,0.05
1884,False,0.08
1885,False,0.15
1886,False,0.15
1887,True,1.0
1888,False,0.06
1889,False,0.06
1890,False,0.16
1891,False,0.03
1892,True,1.0
1893,True,1.0
1894,False,0.02
1895,False,0.01
1896,False,0.04
1897,False,0.03
1898,True,1.0
1899,False,0.01
1900,False,0.08
1901,False,0.04
1902,False,0.0
1903,True,1.0
1904,True,0.62
1905,False,0.0
1906,False,0.03
1907,False,0.01
1908,False,0.12
1909,False,0.0
1910,False,0.01
1911,False,0.07
1912,True,0.8
1913,False,0.01
1914,False,0.02
1915,False,0.02
1916,False,0.0
1917,False,0.02
1918,False,0.05
1919,True,1.0
1920,False,0.01
1921,False,0.06
1922,False,0.2
1923,False,0.04
1924,False,0.08
1925,False,0.03
1926,False,0.0
1927,False,0.01
1928,False,0.03
1929,False,0.0
1930,False,0.01
1931,False,0.06
1932,False,0.0
1933,True,0.83
1934,True,0.94
1935,True,0.99
1936,False,0.04
1937,False,0.03
1938,False,0.0
1939,True,1.0
1940,False,0.0
1941,False,0.05
1942,False,0.0
1943,False,0.01
1944,False,0.01
1945,False,0.17
1946,False,0.02
1947,False,0.02
1948,False,0.02
1949,False,0.04
1950,True,1.0
1951,False,0.21
1952,False,0.03
1953,False,0.01
1954,True,0.55
1955,False,0.02
1956,False,0.01
1957,False,0.02
1958,False,0.02
1959,False,0.02
1960,False,0.07
1961,False,0.02
1962,False,0.1
1963,False,0.2
1964,False,0.0
1965,False,0.06
1966,False,0.04
1967,False,0.01
1968,False,0.0
1969,False,0.05
1970,False,0.14
1971,False,0.02
1972,False,0.05
1973,False,0.12
1974,True,0.71
1975,False,0.01
1976,False,0.07
1977,True,0.99
1978,True,1.0
1979,False,0.01
1980,False,0.12
1981,False,0.0
1982,False,0.0
1983,False,0.02
1984,True,1.0
1985,False,0.01
1986,False,0.01
1987,False,0.03
1988,False,0.0
1989,False,0.03
1990,False,0.02
1991,False,0.03
1992,False,0.0
1993,False,0.07
1994,False,0.01
1995,False,0.04
1996,False,0.06
1997,False,0.06
1998,False,0.03
1999,False,0.04
2000,False,0.02
2001,True,1.0
2002,False,0.01
2003,False,0.03
2004,False,0.37
2005,False,0.01
2006,False,0.02
2007,False,0.32
2008,False,0.04
2009,False,0.01
2010,False,0.11
2011,False,0.02
2012,False,0.02
2013,False,0.02
2014,False,0.03
2015,False,0.0
2016,False,0.02
2017,False,0.04
2018,False,0.01
2019,False,0.0
2020,False,0.21
2021,False,0.01
2022,False,0.01
2023,False,0.02
2024,False,0.06
2025,False,0.05
2026,False,0.04
2027,False,0.0
2028,True,0.99
2029,True,0.75
2030,False,0.03
2031,False,0.25
2032,False,0.1
2033,True,1.0
2034,False,0.14
2035,False,0.1
2036,False,0.01
2037,False,0.03
2038,True,1.0
2039,False,0.03
2040,False,0.02
2041,False,0.06
2042,False,0.03
2043,False,0.01
2044,False,0.04
2045,False,0.35
2046,False,0.02
2047,False,0.03
2048,False,0.05
2049,False,0.03
2050,False,0.04
2051,False,0.2
2052,False,0.09
2053,False,0.12
2054,False,0.03
2055,False,0.04
2056,False,0.03
2057,False,0.01
2058,False,0.11
2059,True,1.0
2060,False,0.04
2061,False,0.03
2062,False,0.04
2063,False,0.06
2064,False,0.01
2065,False,0.03
2066,False,0.03
2067,False,0.3
2068,False,0.05
2069,True,0.78
2070,False,0.0
2071,False,0.03
2072,False,0.0
2073,False,0.02
2074,False,0.0
2075,False,0.07
2076,True,0.92
2077,False,0.05
2078,False,0.02
2079,False,0.07
2080,False,0.01
2081,False,0.0
2082,False,0.03
2083,False,0.01
2084,False,0.01
2085,False,0.0
2086,False,0.04
2087,False,0.28
2088,False,0.0
2089,False,0.04
2090,False,0.11
2091,False,0.0
2092,False,0.02
2093,False,0.01
2094,False,0.0
2095,False,0.1
2096,False,0.16
2097,False,0.02
2098,False,0.08
2099,True,1.0
2100,False,0.09
2101,False,0.01
2102,False,0.29
2103,True,1.0
2104,False,0.01
2105,False,0.38
2106,True,0.75
2107,True,0.98
2108,False,0.02
2109,False,0.01
2110,False,0.01
2111,False,0.18
2112,True,1.0
2113,True,1.0
2114,False,0.19
2115,True,1.0
2116,False,0.01
2117,False,0.0
2118,True,1.0
2119,True,0.99
2120,False,0.04
2121,False,0.05
2122,False,0.1
2123,False,0.04
2124,False,0.01
2125,False,0.0
2126,False,0.14
2127,False,0.01
2128,False,0.01
2129,False,0.03
2130,False,0.44
2131,False,0.0
2132,False,0.14
2133,False,0.03
2134,False,0.05
2135,False,0.05
2136,False,0.0
2137,False,0.09
2138,False,0.04
2139,True,0.98
2140,False,0.16
2141,False,0.01
2142,True,1.0
2143,False,0.01
2144,False,0.04
2145,False,0.0
2146,False,0.08
2147,True,1.0
2148,False,0.02
2149,False,0.01
2150,True,1.0
2151,False,0.0
2152,False,0.03
2153,False,0.02
2154,False,0.03
2155,True,1.0
2156,False,0.02
2157,False,0.06
2158,True,0.99
2159,False,0.03
2160,True,1.0
2161,False,0.01
2162,False,0.02
2163,False,0.23
2164,True,0.68
2165,False,0.03
2166,False,0.01
2167,False,0.02
2168,False,0.01
2169,False,0.02
2170,False,0.01
2171,False,0.0
2172,False,0.03
2173,True,1.0
2174,False,0.03
2175,False,0.03
2176,False,0.01
2177,False,0.0
2178,False,0.03
2179,False,0.09
2180,False,0.02
2181,False,0.01
2182,False,0.11
2183,False,0.03
2184,False,0.02
2185,False,0.0
2186,True,1.0
2187,True,1.0
2188,False,0.04
2189,False,0.06
2190,False,0.11
2191,False,0.04
2192,False,0.02
2193,False,0.17
2194,False,0.05
2195,False,0.0
2196,False,0.05
2197,False,0.02
2198,False,0.04
2199,False,0.2
2200,False,0.02
2201,False,0.03
2202,False,0.07
2203,True,1.0
2204,False,0.04
2205,False,0.0
2206,False,0.0
2207,False,0.05
2208,False,0.02
2209,False,0.09
2210,True,0.97
2211,False,0.04
2212,False,0.11
2213,True,1.0
2214,False,0.02
2215,True,0.97
2216,False,0.07
2217,False,0.02
2218,True,1.0
2219,False,0.01
2220,False,0.01
2221,False,0.02
2222,False,0.03
2223,False,0.1
2224,False,0.06
2225,False,0.03
2226,False,0.03
2227,False,0.16
2228,False,0.01
2229,False,0.06
2230,False,0.02
2231,False,0.06
2232,False,0.05
2233,False,0.01
2234,False,0.06
2235,False,0.04
2236,False,0.11
2237,True,0.99
2238,True,0.72
2239,False,0.02
2240,False,0.01
2241,False,0.0
2242,False,0.0
2243,False,0.01
2244,False,0.07
2245,False,0.03
2246,False,0.0
2247,False,0.04
2248,False,0.03
2249,False,0.04
2250,False,0.02
2251,False,0.01
2252,False,0.02
2253,False,0.01
2254,False,0.01
2255,False,0.03
2256,False,0.02
2257,False,0.04
2258,True,1.0
2259,False,0.06
2260,False,0.07
2261,False,0.09
2262,False,0.02
2263,False,0.14
2264,False,0.02
2265,False,0.01
2266,False,0.11
2267,True,1.0
2268,False,0.04
2269,False,0.01
2270,False,0.03
2271,False,0.0
2272,False,0.07
2273,False,0.01
2274,False,0.06
2275,False,0.07
2276,False,0.03
2277,False,0.07
2278,False,0.13
2279,False,0.04
2280,False,0.03
2281,False,0.03
2282,False,0.02
2283,True,1.0
2284,False,0.04
2285,False,0.01
2286,False,0.03
2287,False,0.25
2288,False,0.01
2289,False,0.07
2290,True,1.0
2291,False,0.0
2292,False,0.02
2293,False,0.09
2294,False,0.01
2295,False,0.04
2296,False,0.01
2297,False,0.06
2298,False,0.06
2299,False,0.03
2300,False,0.02
2301,False,0.05
2302,False,0.02
2303,False,0.04
2304,False,0.02
2305,False,0.0
2306,False,0.03
2307,False,0.0
2308,False,0.01
2309,False,0.18
2310,False,0.01
2311,False,0.02
2312,False,0.03
2313,False,0.01
2314,False,0.02
2315,False,0.01
2316,False,0.05
2317,False,0.07
2318,False,0.01
2319,False,0.15
2320,False,0.05
2321,False,0.03
2322,False,0.07
2323,False,0.03
2324,True,0.99
2325,True,1.0
2326,False,0.02
2327,True,1.0
2328,False,0.01
2329,False,0.03
2330,False,0.0
2331,False,0.05
2332,False,0.0
2333,False,0.01
2334,False,0.03
2335,True,0.98
2336,False,0.01
2337,False,0.04
2338,False,0.02
2339,False,0.02
2340,False,0.02
2341,False,0.03
2342,False,0.0
2343,True,0.78
2344,False,0.01
2345,False,0.16
2346,False,0.01
2347,True,0.76
2348,False,0.08
2349,False,0.01
2350,False,0.03
2351,False,0.02
2352,False,0.0
2353,False,0.1
2354,True,1.0
2355,False,0.01
2356,True,1.0
2357,True,1.0
2358,False,0.09
2359,False,0.0
2360,False,0.0
2361,False,0.02
2362,False,0.0
2363,False,0.02
2364,False,0.04
2365,False,0.0
2366,False,0.11
2367,False,0.32
2368,False,0.04
2369,True,1.0
2370,False,0.43
2371,False,0.04
2372,False,0.0
2373,False,0.05
2374,False,0.02
2375,False,0.03
2376,True,0.95
2377,True,0.98
2378,False,0.02
2379,False,0.03
2380,True,1.0
2381,False,0.02
2382,False,0.02
2383,False,0.0
2384,False,0.08
2385,False,0.15
2386,True,0.61
2387,True,0.97
2388,True,0.97
2389,True,0.99
2390,False,0.01
2391,False,0.0
2392,False,0.1
2393,False,0.06
2394,False,0.04
2395,False,0.08
2396,False,0.13
2397,True,1.0
2398,False,0.0
2399,False,0.03
2400,False,0.04
2401,True,1.0
2402,True,0.99
2403,False,0.06
2404,False,0.0
2405,True,1.0
2406,False,0.05
2407,True,0.99
2408,False,0.06
2409,False,0.28
2410,False,0.02
2411,False,0.09
2412,True,1.0
2413,False,0.05
2414,False,0.05
2415,True,1.0
2416,False,0.07
2417,False,0.12
2418,False,0.0
2419,True,0.71
2420,True,1.0
2421,True,1.0
2422,False,0.04
2423,False,0.04
2424,False,0.03
2425,False,0.02
2426,False,0.05
2427,False,0.0
2428,True,1.0
2429,False,0.03
2430,False,0.06
2431,False,0.02
2432,True,1.0
2433,False,0.0
2434,False,0.01
2435,False,0.0
2436,False,0.03
2437,True,0.99
2438,False,0.0
2439,False,0.07
2440,False,0.03
2441,False,0.0
2442,False,0.11
2443,False,0.0
2444,False,0.08
2445,False,0.01
2446,False,0.0
2447,False,0.01
2448,False,0.02
2449,False,0.04
2450,False,0.02
2451,True,1.0
2452,False,0.07
2453,False,0.01
2454,False,0.02
2455,False,0.03
2456,False,0.06
2457,False,0.06
2458,False,0.03
2459,False,0.03
2460,False,0.0
2461,False,0.01
2462,False,0.0
2463,False,0.02
2464,False,0.07
2465,False,0.02
2466,False,0.03
2467,False,0.02
2468,True,1.0
2469,False,0.02
2470,False,0.06
2471,False,0.0
2472,True,0.97
2473,False,0.01
2474,False,0.01
2475,False,0.03
2476,False,0.01
2477,False,0.01
2478,False,0.07
2479,True,1.0
2480,False,0.22
2481,False,0.01
2482,False,0.06
2483,False,0.02
2484,False,0.19
2485,False,0.04
2486,False,0.03
2487,False,0.0
2488,False,0.02
2489,True,1.0
2490,False,0.04
2491,False,0.02
2492,False,0.09
2493,True,1.0
2494,False,0.0
2495,False,0.0
2496,False,0.02
2497,False,0.01
2498,False,0.02
2499,False,0.17
2500,False,0.03
2501,False,0.06
2502,False,0.08
2503,False,0.06
2504,False,0.01
2505,False,0.01
2506,False,0.04
2507,False,0.03
2508,False,0.0
2509,False,0.03
2510,False,0.0
2511,False,0.0
2512,False,0.04
2513,False,0.04
2514,False,0.01
2515,True,1.0
2516,False,0.02
2517,False,0.07
2518,False,0.0
2519,False,0.0
2520,False,0.01
2521,False,0.0
2522,False,0.01
2523,False,0.01
2524,False,0.13
2525,False,0.03
2526,True,1.0
2527,False,0.0
2528,False,0.01
2529,False,0.01
2530,False,0.17
2531,False,0.07
2532,False,0.02
2533,True,0.99
2534,False,0.05
2535,True,1.0
2536,True,1.0
2537,False,0.02
2538,False,0.07
2539,True,0.63
2540,False,0.01
2541,False,0.06
2542,True,0.99
2543,False,0.05
2544,False,0.09
2545,False,0.04
2546,False,0.0
2547,False,0.01
2548,False,0.02
2549,False,0.09
2550,False,0.01
2551,False,0.17
2552,False,0.18
2553,False,0.48
2554,False,0.01
2555,False,0.05
2556,False,0.01
2557,False,0.03
2558,False,0.01
2559,False,0.09
2560,False,0.0
2561,False,0.17
2562,False,0.0
2563,False,0.01
2564,False,0.02
2565,False,0.12
2566,False,0.02
2567,True,0.91
2568,False,0.11
2569,False,0.06
2570,False,0.01
2571,False,0.02
2572,True,1.0
2573,True,1.0
2574,False,0.1
2575,True,0.8
2576,False,0.0
2577,False,0.01
2578,False,0.07
2579,False,0.01
2580,False,0.1
2581,True,1.0
2582,False,0.0
2583,False,0.11
2584,False,0.01
2585,False,0.04
2586,False,0.01
2587,False,0.02
2588,False,0.01
2589,False,0.05
2590,False,0.01
2591,True,1.0
2592,False,0.05
2593,False,0.02
2594,True,1.0
2595,True,1.0
2596,False,0.02
2597,False,0.09
2598,False,0.02
2599,True,0.69
2600,False,0.05
2601,False,0.02
2602,True,1.0
2603,False,0.14
2604,False,0.03
2605,False,0.1
2606,False,0.43
2607,False,0.0
2608,False,0.04
2609,False,0.04
2610,False,0.02
2611,False,0.01
2612,False,0.07
2613,False,0.02
2614,False,0.47
2615,False,0.01
2616,False,0.02
2617,False,0.01
2618,False,0.01
2619,True,1.0
2620,False,0.02
2621,False,0.11
2622,True,0.66
2623,False,0.01
2624,True,1.0
2625,False,0.01
2626,False,0.06
2627,False,0.01
2628,False,0.08
2629,False,0.09
2630,False,0.04
2631,False,0.01
2632,False,0.01
2633,False,0.03
2634,False,0.04
2635,False,0.03
2636,False,0.01
2637,False,0.02
2638,False,0.02
2639,False,0.04
2640,False,0.11
2641,False,0.0
2642,False,0.01
2643,False,0.01
2644,False,0.03
2645,True,0.99
2646,False,0.03
2647,True,1.0
2648,False,0.06
2649,False,0.03
2650,False,0.01
2651,False,0.01
2652,False,0.0
2653,False,0.0
2654,False,0.0
2655,False,0.0
2656,False,0.2
2657,False,0.22
2658,False,0.03
2659,False,0.03
2660,True,1.0
2661,False,0.03
2662,True,1.0
2663,False,0.01
2664,True,1.0
2665,False,0.07
2666,False,0.42
2667,False,0.05
2668,False,0.0
2669,False,0.02
2670,False,0.01
2671,False,0.02
2672,True,0.95
2673,True,0.98
2674,False,0.03
2675,False,0.0
2676,False,0.02
2677,True,1.0
2678,True,0.6
2679,False,0.13
2680,False,0.02
2681,False,0.05
2682,False,0.08
2683,False,0.02
2684,False,0.0
2685,False,0.01
2686,False,0.05
2687,True,0.54
2688,False,0.13
2689,False,0.05
2690,False,0.03
2691,False,0.08
2692,False,0.2
2693,False,0.01
2694,True,1.0
2695,False,0.0
2696,True,1.0
2697,False,0.05
2698,False,0.04
2699,False,0.1
2700,True,1.0
2701,False,0.1
2702,False,0.01
2703,False,0.04
2704,False,0.0
2705,False,0.13
2706,False,0.05
2707,False,0.09
2708,True,1.0
2709,False,0.05
2710,True,1.0
2711,False,0.07
2712,False,0.08
2713,False,0.07
2714,False,0.03
2715,False,0.04
2716,False,0.15
2717,False,0.03
2718,False,0.05
2719,False,0.0
2720,False,0.03
2721,False,0.35
2722,False,0.01
2723,False,0.02
2724,True,0.83
2725,False,0.03
2726,False,0.02
2727,False,0.08
2728,False,0.01
2729,False,0.12
2730,False,0.06
2731,True,0.58
2732,True,1.0
2733,False,0.08
2734,False,0.02
2735,True,1.0
2736,False,0.03
2737,False,0.05
2738,False,0.0
2739,False,0.02
2740,False,0.02
2741,False,0.07
2742,False,0.0
2743,False,0.09
2744,False,0.04
2745,True,1.0
2746,False,0.02
2747,True,1.0
2748,False,0.01
2749,False,0.03
2750,False,0.05
2751,False,0.0
2752,False,0.05
2753,False,0.04
2754,False,0.03
2755,False,0.07
2756,False,0.0
2757,False,0.07
2758,False,0.03
2759,False,0.11
2760,True,1.0
2761,False,0.0
2762,False,0.03
2763,False,0.01
2764,False,0.07
2765,False,0.02
2766,False,0.13
2767,False,0.08
2768,False,0.1
2769,False,0.01
2770,False,0.07
2771,False,0.03
2772,True,0.72
2773,True,1.0
2774,True,0.61
2775,False,0.05
2776,False,0.04
2777,False,0.02
2778,False,0.0
2779,False,0.09
2780,False,0.02
2781,False,0.02
2782,False,0.04
2783,False,0.06
2784,True,0.99
2785,True,1.0
2786,True,1.0
2787,False,0.01
2788,False,0.24
2789,False,0.03
2790,False,0.03
2791,False,0.12
2792,False,0.03
2793,False,0.12
2794,True,0.61
2795,False,0.02
2796,False,0.09
2797,False,0.03
2798,False,0.03
2799,False,0.01
2800,True,0.97
2801,False,0.31
2802,False,0.05
2803,False,0.0
2804,False,0.04
2805,False,0.06
2806,False,0.09
2807,False,0.0
2808,False,0.05
2809,False,0.01
2810,False,0.05
2811,False,0.0
2812,False,0.01
2813,False,0.03
2814,False,0.01
2815,False,0.04
2816,True,0.99
2817,False,0.0
2818,False,0.07
2819,True,0.98
2820,False,0.16
2821,False,0.07
2822,False,0.1
2823,False,0.02
2824,True,0.95
2825,False,0.03
2826,False,0.0
2827,True,1.0
2828,True,0.93
2829,False,0.11
2830,False,0.01
2831,False,0.08
2832,False,0.01
2833,False,0.39
2834,False,0.01
2835,False,0.01
2836,False,0.03
2837,False,0.06
2838,False,0.09
2839,True,1.0
2840,False,0.01
2841,False,0.25
2842,False,0.03
2843,False,0.01
2844,False,0.03
2845,False,0.06
2846,False,0.03
2847,False,0.03
2848,False,0.1
2849,False,0.1
2850,False,0.04
2851,False,0.03
2852,False,0.0
2853,False,0.02
2854,False,0.0
2855,False,0.14
2856,False,0.01
2857,False,0.03
2858,False,0.05
2859,False,0.02
2860,False,0.03
2861,False,0.03
2862,False,0.03
2863,False,0.01
2864,False,0.09
2865,True,1.0
2866,False,0.0
2867,False,0.04
2868,True,0.65
2869,False,0.02
2870,False,0.06
2871,False,0.01
2872,False,0.02
2873,False,0.04
2874,True,0.9
2875,False,0.06
2876,False,0.04
2877,False,0.01
2878,False,0.01
2879,False,0.03
2880,False,0.0
2881,False,0.02
2882,True,0.7
2883,False,0.04
2884,True,1.0
2885,False,0.08
2886,False,0.02
2887,False,0.13
2888,False,0.05
2889,True,1.0
2890,False,0.06
2891,False,0.01
2892,False,0.03
2893,False,0.01
2894,False,0.03
2895,False,0.05
2896,False,0.03
2897,False,0.15
2898,False,0.04
2899,False,0.01
2900,True,1.0
2901,True,1.0
2902,False,0.04
2903,False,0.09
2904,False,0.04
2905,False,0.01
2906,False,0.02
2907,False,0.09
2908,True,1.0
2909,False,0.0
2910,False,0.0
2911,False,0.12
2912,False,0.0
2913,False,0.0
2914,False,0.3
2915,False,0.07
2916,False,0.02
2917,False,0.0
2918,False,0.07
2919,False,0.01
2920,False,0.01
2921,False,0.07
2922,False,0.04
2923,False,0.09
2924,True,0.95
2925,False,0.1
2926,True,1.0
2927,False,0.0
2928,False,0.02
2929,False,0.01
2930,False,0.04
2931,False,0.01
2932,False,0.0
2933,False,0.02
2934,False,0.06
2935,False,0.06
2936,True,1.0
2937,False,0.05
2938,False,0.01
2939,False,0.11
2940,False,0.01
2941,False,0.07
2942,True,1.0
2943,False,0.03
2944,False,0.04
2945,False,0.13
2946,False,0.01
2947,True,1.0
2948,False,0.02
2949,False,0.04
2950,True,1.0
2951,False,0.02
2952,True,1.0
2953,False,0.1
2954,False,0.01
2955,False,0.02
2956,False,0.04
2957,False,0.0
2958,True,0.78
2959,False,0.08
2960,True,1.0
2961,True,0.78
2962,False,0.02
2963,False,0.0
2964,True,1.0
2965,False,0.03
2966,False,0.04
2967,False,0.01
2968,True,1.0
2969,False,0.07
2970,False,0.03
2971,True,1.0
2972,True,1.0
2973,False,0.03
2974,False,0.04
2975,False,0.0
2976,False,0.03
2977,False,0.01
2978,False,0.01
2979,True,0.84
2980,True,0.53
2981,False,0.0
2982,False,0.05
2983,False,0.01
2984,False,0.0
2985,False,0.03
2986,False,0.0
2987,True,0.99
2988,False,0.05
2989,True,1.0
2990,False,0.05
2991,False,0.09
2992,False,0.03
2993,False,0.08
2994,True,0.55
2995,False,0.02
2996,False,0.04
2997,False,0.06
2998,False,0.02
2999,False,0.01
3000,False,0.06
3001,False,0.02
3002,True,0.99
3003,False,0.02
3004,False,0.06
3005,False,0.1
3006,False,0.0
3007,False,0.04
3008,False,0.05
3009,False,0.17
3010,False,0.1
3011,False,0.01
3012,False,0.02
3013,False,0.04
3014,False,0.02
3015,False,0.0
3016,False,0.02
3017,False,0.21
3018,False,0.01
3019,True,0.97
3020,False,0.01
3021,False,0.02
3022,False,0.04
3023,True,1.0
3024,False,0.04
3025,False,0.02
3026,False,0.09
3027,False,0.08
3028,False,0.02
3029,False,0.01
3030,False,0.04
3031,False,0.08
3032,False,0.01
3033,False,0.04
3034,False,0.06
3035,True,1.0
3036,False,0.01
3037,False,0.0
3038,False,0.04
3039,False,0.01
3040,False,0.0
3041,False,0.04
3042,False,0.05
3043,False,0.03
3044,False,0.06
3045,True,0.87
3046,False,0.05
3047,False,0.0
3048,False,0.01
3049,False,0.02
3050,True,0.97
3051,False,0.01
3052,False,0.05
3053,False,0.04
3054,False,0.03
3055,False,0.03
3056,False,0.05
3057,False,0.03
3058,False,0.01
3059,False,0.08
3060,False,0.01
3061,False,0.01
3062,False,0.03
3063,False,0.02
3064,True,0.95
3065,False,0.01
3066,False,0.02
3067,False,0.01
3068,False,0.0
3069,False,0.04
3070,True,0.96
3071,False,0.05
3072,True,1.0
3073,False,0.02
3074,False,0.06
3075,False,0.07
3076,False,0.01
3077,False,0.1
3078,False,0.03
3079,True,1.0
3080,False,0.06
3081,False,0.41
3082,False,0.04
3083,False,0.05
3084,False,0.11
3085,False,0.06
3086,False,0.17
3087,False,0.05
3088,False,0.04
3089,False,0.02
3090,False,0.02
3091,False,0.09
3092,False,0.0
3093,True,0.63
3094,False,0.06
3095,False,0.01
3096,False,0.05
3097,False,0.0
3098,False,0.03
3099,False,0.01
3100,False,0.02
3101,False,0.02
3102,False,0.04
3103,False,0.01
3104,False,0.04
3105,False,0.09
3106,False,0.02
3107,False,0.02
3108,False,0.05
3109,False,0.11
3110,False,0.03
3111,False,0.0
3112,True,0.98
3113,True,1.0
3114,False,0.04
3115,False,0.05
3116,False,0.06
3117,False,0.06
3118,False,0.03
3119,False,0.15
3120,False,0.06
3121,False,0.03
3122,False,0.04
3123,False,0.0
3124,False,0.08
3125,True,1.0
3126,False,0.14
3127,True,1.0
3128,False,0.01
3129,False,0.01
3130,False,0.03
3131,False,0.33
3132,True,1.0
3133,False,0.06
3134,False,0.0
3135,False,0.0
3136,False,0.05
3137,False,0.02
3138,False,0.05
3139,False,0.0
3140,False,0.32
3141,False,0.1
3142,False,0.01
3143,False,0.04
3144,True,1.0
3145,False,0.0
3146,False,0.07
3147,False,0.06
3148,True,1.0
3149,False,0.02
3150,False,0.02
3151,True,1.0
3152,False,0.03
3153,False,0.0
3154,False,0.04
3155,False,0.05
3156,False,0.02
3157,True,0.59
3158,False,0.0
3159,False,0.15
3160,False,0.04
3161,False,0.08
3162,False,0.02
3163,False,0.1
3164,False,0.02
3165,False,0.06
3166,True,0.99
3167,False,0.08
3168,True,0.84
3169,True,1.0
3170,False,0.02
3171,False,0.02
3172,False,0.09
3173,False,0.02
3174,False,0.04
3175,False,0.0
3176,False,0.01
3177,False,0.04
3178,False,0.04
3179,False,0.0
3180,False,0.01
3181,False,0.1
3182,False,0.01
3183,False,0.04
3184,False,0.03
3185,False,0.01
3186,False,0.01
3187,False,0.01
3188,False,0.04
3189,True,0.98
3190,True,1.0
3191,True,0.98
3192,False,0.02
3193,False,0.11
3194,False,0.13
3195,False,0.0
3196,False,0.03
3197,False,0.11
3198,False,0.03
3199,False,0.05
3200,False,0.15
3201,False,0.0
3202,False,0.01
3203,False,0.07
3204,False,0.15
3205,True,0.84
3206,False,0.01
3207,False,0.04
3208,False,0.01
3209,True,1.0
3210,False,0.11
3211,False,0.09
3212,False,0.11
3213,False,0.01
3214,False,0.05
3215,False,0.01
3216,False,0.05
3217,False,0.07
3218,False,0.13
3219,False,0.13
3220,False,0.03
3221,False,0.01
3222,False,0.04
3223,False,0.02
3224,True,1.0
3225,False,0.15
3226,True,1.0
3227,False,0.01
3228,False,0.09
3229,False,0.0
3230,False,0.01
3231,False,0.01
3232,False,0.0
3233,False,0.02
3234,False,0.01
3235,False,0.03
3236,False,0.05
3237,False,0.15
3238,True,1.0
3239,False,0.01
3240,False,0.08
3241,True,1.0
3242,False,0.06
3243,True,1.0
3244,False,0.03
3245,False,0.05
3246,True,0.99
3247,True,1.0
3248,False,0.05
3249,False,0.01
3250,False,0.02
3251,True,0.55
3252,False,0.0
3253,False,0.02
3254,False,0.0
3255,True,0.6
3256,True,0.58
3257,False,0.05
3258,False,0.07
3259,False,0.15
3260,False,0.22
3261,False,0.01
3262,False,0.0
3263,False,0.0
3264,False,0.06
3265,True,1.0
3266,False,0.04
3267,False,0.06
3268,True,1.0
3269,False,0.11
3270,False,0.01
3271,False,0.02
3272,True,0.98
3273,False,0.23
3274,False,0.02
3275,False,0.02
3276,False,0.03
3277,False,0.0
3278,False,0.02
3279,False,0.03
3280,True,0.66
3281,False,0.0
3282,False,0.03
3283,False,0.21
3284,False,0.04
3285,False,0.02
3286,False,0.05
3287,True,1.0
3288,False,0.02
3289,False,0.0
3290,False,0.05
3291,True,0.99
3292,False,0.02
3293,False,0.0
3294,False,0.09
3295,False,0.04
3296,False,0.0
3297,False,0.02
3298,False,0.02
3299,False,0.0
3300,False,0.0
3301,True,1.0
3302,False,0.04
3303,False,0.0
3304,True,1.0
3305,False,0.03
3306,False,0.07
3307,False,0.12
3308,False,0.02
3309,False,0.22
3310,False,0.06
3311,False,0.0
3312,False,0.15
3313,False,0.04
3314,False,0.01
3315,False,0.0
3316,False,0.05
3317,False,0.03
3318,False,0.0
3319,False,0.04
3320,True,1.0
3321,False,0.01
3322,True,1.0
3323,True,1.0
3324,False,0.01
3325,False,0.01
3326,False,0.03
3327,False,0.0
3328,False,0.02
3329,False,0.04
3330,False,0.03
3331,False,0.07
3332,False,0.05
